title,link,experience,company,location
Android Developer,http://jobs.jobvite.com/wayfair/job/oG4k5fwT,2-3 years relevant experience,Wayfair,"Boston, MA"
iOS Engineer,https://www.zenefits.com/careers/680089/,1 year relevant experience,Zenefits,"San Francisco, CA"
Android Engineer,https://jobs.lever.co/creditkarma/29a0edf5-4375-4ccc-b8e9-e30f2550e483?lever-source=Linkedin,0 years relevant experience,Credit Karma,"San Francisco, CA"
Android Developer,https://app.jobvite.com/Jobvite/Job.aspx?b=n425CnwF&o=34&j=onrF5fwi,2-3 years relevant experience,Edmodo,"San Mateo, CA"
Android Developer,https://workable.com/j/6C8D9F02F5,2-3 years relevant experience,Endotronix,"Lisle, IL"
Deep Learning Engineer (Contract),http://www.jobspringpartners.com/jobs/264592,2-3 years relevant experience,Job Spring Partners,"Sunnyvale, CA"
"Senior Machine Learning Engineer, Intelligence Services",https://jobs.lever.co/quartet/aa897c8f-9d14-43ff-8d07-797277df85e8,5+ years relevant experience,Quartet Health,"New York City, NY"
CLO Data Analyst,https://godirect.wd5.myworkdayjobs.com/voya_jobs/job/AZ-Scottsdale-7333-E-Doubletr/CLO-Data-Analyst_JR0017153?source=Linkedin,1-3 years relevant experience,Voya,"Scottsdale, AZ"
"Software Engineer, Machine Learning",https://boards.greenhouse.io/dataminr/jobs/683236#.WcAvXtOGMrL,2+ years relevant experience,DataMinr,"New York City, NY"
Software Engineer II - Machine Learning,https://experienced-jpl.icims.com/jobs/7973/software-engineer-ii---machine-learning/job?mode=job&iis=Job%2BBoard&iisn=LinkedIn&mobile=false&width=1390&height=500&bga=true&needsRedirect=false&jan1offset=-480&jun1offset=-420,3+ years relevant experience,NASA- Jet Propulsion Laboratory,"Pasadena, CA"
Quality Data Analyst,https://workable.com/j/B42E399298,0 years relevant experience,Clearwater,"Boise, ID"
Telecommute Data Scientist,https://www.cybercoders.com/jobs/details/374269/?ad=linkedin,2+ years relevant experience,Cyber Coders,"Cambridge, MA"
Full Stack Cloud Developer,https://www.capitalonecareers.com/job/wilmington/full-stack-cloud-developer/1732/6101812,2-3 years relevant experience,Capital One,"Wilmington, DE"
Front End Engineer,https://boards.greenhouse.io/dataminr/jobs/759175#.WcAzIdOGMrJ,1-3 years relevant experience,DataMinr,"New York City, NY"
iOS Developer,https://boards.greenhouse.io/applovin/jobs/93044?s=LinkedIn&source=LinkedIn#.WcA0WNOGMrJ,2+ years relevant experience,AppLovin,"Palo Alto, CA"
iOS Engineer,https://www.gotinder.com/jobs/apply?gh_jid=724379,2+ years relevant experience,Tinder,"Los Angeles, CA"
Android Developer,https://careers.jobscore.com/careers/bottlerocket/jobs/android-developer-ca0Wq2RDur55fSeMg-44q7?jpid=cmhq6ORDyr56QcdG1ZS6tF&name=LinkedInLimited&sid=69,0-1 year relevant experience,Bottle Rocket,"Addison, TX"
Mobile Developer,http://magneticmobile.com/Mobile-Developer.html,1-2 years relevant experience,Magnetic Mobile,"Dayton, OH"
Android Developer,https://cardflight.com/job/android-developer/,1 year relevant experience,Card Flight,"New York, NY"
Data Analyst,https://accesslexinstitute-openhire.silkroad.com/epostings/index.cfm?fuseaction=app.jobInfo&version=1&jobid=48&jtsrc=http%3A%2F%2Fwww.linkedin.com%2Fstatic%3Fkey%3Dadvertising_info&trk=hb_ft_ads&jtsrcid=3854&jtrfr=&_jtochash=dmBrPnH77WZRUP5LfRqLK&_jtocprof=VazFkDoe-EUsE6sEx6AwT17O9xCFsLeB,1+ years relevant experience,AccessLex Institute,"West Chester, PA"
Data Scientist,https://www.premise.com/openings/?gh_jid=760536&gh_src=1u6ex71,3-4 years relevant experience,Premise Data,"Seattle, WA"
Data Scientist,http://dealerinspire1.applytojob.com/apply/job_20171006213336_RUL8MUQNTWYMJDOP/Data-Scientist?source=LILI#B9TzN6N1Ad,3-4 years relevant experience,Dealer Inspire,"Naperville, IL"
iOS Engineer,https://creditkarma.com/careers/jobs/engineering/i-os-engineer,1+ years relevant experience,Credit Karma,"San Francisco, CA"
Digital iOS Developer,https://appirio.com/careers/join-us?p=job%2FobD85fwL,1+ years relevant experience,Appirio,"Indianapolis, IN"
Full Stack Engineer,https://jobs.lever.co/light.house/a0019ce0-05a1-48f5-8d5f-0ac67e5977f9,0-1 year relevant experience,Lighthouse,Palo Alto
Deep Learning Engineer,https://jobs.lever.co/light.house/8c76cda3-50f8-417b-b650-62a3419579ce,1-2 years relevant experience,Lighthouse,Palo Alto
Insight Analyst (contract),https://www.hireart.com/jobs/4851cef4/apply?utm_source=Udacity&utm_medium=Job+Board&utm_campaign=Udacity#sthash.k6Fehqu7.dpbs,2+  years relevant experience,Hire Art,New York City
Senior Data Analyst (Contract),https://www.hireart.com/jobs/69410cd4/apply?utm_source=Udacity&utm_medium=Job+Board&utm_campaign=Udacity#sthash.e44PVbCf.dpbs,3+ years relevant experience,Hire Art,Mountain View
"Associate Software Engineer, Android",https://jobs.disneycareers.com/job/san-francisco/software-engineer-android/391/5818452,1-2 years relevant experience,Disney,"San Francisco, CA"
Mobile Android Developer,http://jobs.kavaliro.com/Mobile-Android-Developer-Jobs-in-Chevy-Chase-Maryland/3894837,2+ years relevant experience,Kavaliro,"Chevy Chase, MD"
Mobile Developer,https://jobs.northwesternmutual.com/job/Minneapolis-Mobile-Developer-MN-55402/436152600/?utm_source=LINKEDIN&utm_medium=referrer,2+ years relevant experience,Northwestern Mutual,"Minneapolis, MN"
Android/iOS Developer (Contract),https://workable.com/j/0AAB4CC6AD,0-1 year relevant experience,Two95 International,"Chicago, IL"
Jr. Android Developer,http://apppartner.applytojob.com/apply/39072d3a516462767f40605e755268445552287e000e3b66200b6e323f07072b053134/Jr-Android-Developer?source=LILI&sid=ShOecTSEOrRmGcXqfgw93MmRaY6ajEAbWpq#c2E7v4,0-1 year relevant experience,App Partner,"Brooklyn, NY"
Android Developer,https://www.vaporstream.com/blog/career/android-developer/,0-1 year relevant experience,Vaporsteam,"Chicago, IL"
Data Analyst,https://www.rystadenergy.com/AboutUs/Careers/applications?position=44,0-2 years relevant experience,Rystad Energy,"Houston, TX"
Data Scientist - Deep Learning,https://careers-cambiahealth.icims.com/jobs/22887/data-scientist/job?mobile=false&width=970&height=500&bga=true&needsRedirect=false&jan1offset=-480&jun1offset=-420,2-3 years relevant experience,Cambia Health Solutions,"Portland, OR"
Machine Learning Engineer,http://captricity.com/jobs/?gh_jid=179407&gh_src=vx1he5,2-3 years relevant experience,Captricity,"Oakland, CA"
Machine Learning Engineer,https://jobs.lever.co/kensho/457eca6c-a635-4d85-bb95-348ad78261a1,2-3 years relevant experience,Kensho,"Cambridge, MA"
Data Scientist,https://cocacola.appvault.com/jobs/41318/cocacolacompanyRMS/atl/business-management-and-development/data-scientist/?utm_source=LinkedIn&utm_medium=jobboard,0-2 years relevant experience,Coca Cola Company,"Atlanta, GA"
Data Scientist,https://boards.greenhouse.io/dataminr/jobs/154223#.WfdRjtOGMrJ,2+ years relevant experience,Dataminr,New York City
Machine Learning Engineer,https://www.capitalonecareers.com/job/-/-/1732/5004508?ss=paid&utm_source=linkedin.com&utm_medium=job_posting&utm_campaign=2016_annual_media&utm_content=us&utm_term=,2+ years relevant experience,Capital One,"McLean, VA"
Machine Learning Intern,http://jobs.jobvite.com/qeexo/job/o5Wd6fw4,0-1 year relevant experience,Qeexo,"Pittsburgh, PA"
Data Scientist,https://jobs.nexteraenergy.com/job/St_-Paul-Data-Scientist-MN-55108/435891000/?utm_source=LINKEDIN&utm_medium=referrer,0+ years relevant experience,Next Era Energy,"St. Paul, MN"
"Software Engineer, Search & Recommendations (Machine Learning)",https://www.roku.com/about/jobs/position/software-engineer-search-and-recommendations-machine-learning?gh_src=87yuoi1&gh_src=v5thu41,2+ years relevant experience,Roku,"Los Gatos, CA"
Associate Web Developer,https://careers.blackboard.com/careers/position/associate-web-developer-pittsburgh-pa-usa,2+ years relevant experience,Blackboard,Remote
Software Engineer,http://rex.applytojob.com/apply/4pSFw9lhos,0+ years relevant experience,REX Real Estate,"Austin, TX"
Full Stack Software Development Engineer,https://www.smartsheet.com/careers/position/716154/sde-full-stack,2-4 years relevant experience,SmartSheet,"Bellevue, WA"
Front-End Engineer Intern,https://boards.greenhouse.io/sonyinteractiveentertainmentplaystation/jobs/888547/?t=b8y5ha#.WfdVRNOGMrJ,0+ years relevant experience,Sony Interactive Entertainment PlayStation,"San Francisco, CA"
Software Engineer,https://netsmart.jobs.net/en-US/job/software-engineer-entry-level/J3L4366XMRYF2RPJ0RF,0-1 year relevant experience,Newsmart,"Overland Park, KS"
Full Stack Web Developer,http://www.workbridgeassociates.com/jobs/270350,2+ years relevant experience,Workbridge Associates,"Newtown Square, PA"
Software Engineer Intern-Orangeworks,https://careers.homedepot.com/job/7637237/software-engineer-intern-orangeworks-atlanta-ga/,0 years relevant experience,Home Depot,"Atlanta, GA"
Mobile SDK Developer - iOS,https://www.mapbox.com/jobs/713053/,0-2 years relevant experience,Mapbox,"Washington, D.C/ San Francisco, CA"
iOS Developer,https://www.vaporstream.com/blog/career/ios-developer/,1-2 years relevant experience,Vaporstream,"Chicago, IL"
iOS Developer,https://collabera.com/find-a-job/search-jobs/job-details/109822-ios-developer-jobs-charlotte-nc,0-1 year relevant experience,Collabera,"Charlottesville, NC"
iOS Developer,https://overstock.wd5.myworkdayjobs.com/Overstock_Careers/job/Midvale-Utah/SOFTWARE-DEVELOPER_R0001323?source=Linkedin,2+ years relevant experience,Overstock,"Midvale, UT"
iOS Developer,https://metova.workable.com/j/AFAB5B82A2,2+ years relevant experience,Metova,"Franklin, TN"
Mobile Software Developer / iOS,http://firstorion.com/careers/660369/?gh_jid=660369,0 years relevant experience,First Orion,"Little Rock, AR"
Mobile Software Developer / iOS,http://firstorion.com/careers/886097/?gh_jid=886097,0 years relevant experience,First Orion,"Bellevue, WA"
iOS Developer,https://farmlogs.com/jobs/ios-developer/?gh_jid=69326,2+ years relevant experience,FarmLogs,"Ann Arbor, MI"
Junior Full Stack Developer - Robo-Advisor,http://schwabjobs.com/ShowJob/Id/1153827/Junior%20Full%20Stack%20Developer%20%20%20Robo%20Advisor,0 years relevant experience,Charles Schwab,"LoneTree, CO"
Software Engineer - Full Stack,https://workforcenow.adp.com/jobs/apply/posting.html?client=advancedmd&jobId=210539&lang=en_US&source=TW,4+ years relevant experience,AdvancedMD,"South Jordan, UT"
Front End Web Developer - Digital Experience Team,https://jobs.sabre.com/job/Southlake-Front-End-Web-Developer-Digital-Experience-Team-TX-76092/440070200/?locale=en_US,2+ years relevant experience,Sabre Corporation,"Southlake, TX"
Software Engineer,https://jobs.lever.co/curiositymedia/194b3e0a-40cc-4842-93b1-6bb6cc5e0f61?lever-origin=applied&lever-source%5B%5D=LinkedIn&lever-source=LinkedInJobs,0 years relevant experience,Curiosity Media,"Arlington, VA"
Data Analyst,http://jobs.jobvite.com/cision-us/job/oz7l6fwR?__jvst=Job+Board&__jvsd=LinkedIn,0 years relevant experience,Cision,"Chicago, IL"
Data Analyst,https://www.centrica.com/job/122293?keyword=data%20analyst,1-3 years relevant experience,Centrica,"Iselin, NJ"
Software Engineer - Machine Learning,https://jobs.lever.co/convoy/3a676b9a-5a6d-4fe0-8086-2926df741830,2+ years relevant experience,Convoy,"Seattle, WA"
Data Scientist,https://cummins.jobs/columbus-in/data-scientist/58A6ECB175C5472291286B6B18A013E4/job/,3 years relevant experience,Cummins Inc.,"Columbus, IN"
Machine Learning Engineer,https://www.remitly.com/us/en/careers/906370?gh_jid=906370&gh_src=w4isr71,2-5 years relevant experience,Remitly,"Seattle, WA"
Android Developer (Telecommute),https://workable.com/j/3B7D4DDBCA,2+ years relevant experience,Metova,"Franklin, TN"
Android Developer,https://boards.greenhouse.io/trunkclub/jobs/914435?gh_src=30cfkw1#.WgSgOxNSy9Z,0 years relevant experience,Trunk Club,"Chicago, IL"
Android Developer,https://jobs.harman.com/job/Vernon-Hills-Android-Developer-IL-60061/410778500/?utm_source=LINKEDIN&utm_medium=referrer,0 years relevant experience,HARMAN International,"Vernon Hills, IL"
Android Developer - NOLA,https://workable.com/j/6DC25A483F,1+ years relevant experience,Smashing Boxes,"New Orleans, LA"
Android Developer - Product,https://cbscorporation.jobs/new-york-ny/android-developer-product/A97AF01B7D6641FDB707236A0AE9C2D9/job/,3+ years relevant experience,CBS Corporation,"New York City, NY"
Failure Analysis Technician,https://www.hireart.com/jobs/6ffb1fbd/apply?utm_source=Udacity&utm_medium=Job+Board&utm_campaign=Udacity#sthash.KOe2rS0B.dpbs,2-4 years relevant experience,HireArt,"Mountain View, CA"
Autonomous Vehicle Operator,https://www.hireart.com/jobs/a25be0c8/apply?utm_source=Udacity&utm_medium=Job+Board&utm_campaign=Udacity#sthash.518BuEGr.dpbs,2+ years relevant experience,Aurora Innovation,"Palo Alto, CA"
Autonomous Vehicle Operator,https://www.hireart.com/jobs/5f15d021/apply?utm_source=Udacity&utm_medium=Job+Board&utm_campaign=Udacity#sthash.0plWU7Fx.dpbs,2+ years relevant experience,Aurora Innovation,"Pittsburgh, PA"
Digital Marketing Specialist,https://www.hireart.com/jobs/5340fae5/apply?utm_source=Internal_Database&utm_medium=Sendbloom&utm_campaign=sourcingBT,1+ years relevant experience,Algoriz,NYC
Sales Operations Analyst - Global Ecosystem,https://www.hireart.com/jobs/e8b81820/apply?utm_source=Udacity&utm_medium=Job+Board&utm_campaign=Udacity#sthash.snkjVbvM.dpbs,2+ years relevant experience,HireArt,NYC
Global Indirect Procurement Analyst,https://www.hireart.com/jobs/7db6f67b/apply?utm_source=Udacity&utm_medium=Job+Board&utm_campaign=Udacity#sthash.333Ub1Km.dpbs,1+ years relevant experience,HireArt,"San Francisco, CA"
Marketing Associate,https://www.hireart.com/jobs/7fd9280e/apply?utm_source=Udacity&utm_medium=Job+Board&utm_campaign=Udacity#sthash.MtiGIaqa.dpbs,3+ years relevant experience,HireArt,"Menlo Park, CA"
